order_id,customer_id,order_date,total_amount
1,98,2026-03-30,1196.29
2,103,2025-04-26,1535.67
3,83,2025-11-29,722.57
4,14,2025-06-13,1135.29
5,87,2026-02-05,1096.73
6,71,2025-06-03,1148.22
7,12,2025-02-01,61.04
8,100,2024-08-09,742.16
9,102,2025-05-28,257.6
10,37,2026-05-04,699.14
11,33,2026-05-26,175.62
12,95,2024-12-11,20.52
13,23,2024-06-20,1166.55
14,48,2025-06-11,677.5
15,91,2025-04-04,1098.34
16,50,2026-01-26,643.78
17,114,2024-10-06,1121.79
18,84,2025-04-22,376.53
19,69,2025-10-07,448.44
20,69,2025-07-30,84.48
21,6,2026-02-26,402.16
22,90,2024-06-06,53.66
23,15,2024-10-13,947.92
24,63,2025-07-26,126.58
25,21,2025-09-16,1376.74
26,25,2025-01-16,351.63
27,76,2025-10-24,469.06
28,53,2026-03-15,1262.16
29,119,2024-10-31,639.92
30,26,2025-05-24,1038.36
31,85,2025-12-29,119.67
32,34,2025-05-30,821.54
33,1,2026-02-17,410.77
34,32,2025-06-29,516.18
35,29,2025-06-22,1092.25
36,120,2024-09-14,1294.79
37,79,2025-11-30,727.76
38,71,2026-04-02,484.56
39,35,2025-10-31,1418.16
40,21,2026-01-05,451.5
41,5,2025-07-16,506.45
42,86,2025-07-04,120.44
43,59,2026-03-28,548.65
44,64,2024-06-13,837.96
45,104,2025-03-22,303.86
46,32,2026-05-07,1108.46
47,94,2025-09-11,358.08
48,66,2025-11-14,1202.46
49,55,2024-12-18,680.6
50,78,2025-02-04,577.9
51,33,2026-03-02,1190.66
52,38,2026-03-29,1027.89
53,45,2024-06-11,69.22
54,23,2026-01-25,616.96
55,87,2025-03-31,301.7
56,112,2024-08-14,474.65
57,39,2025-06-23,1441.1
58,55,2026-03-24,1108.3
59,18,2024-07-23,490.06
60,44,2026-04-11,869.31
61,43,2024-09-10,1015.06
62,3,2025-12-18,615.37
63,1,2026-04-29,652.57
64,110,2026-01-16,1038.76
65,26,2025-03-29,898.45
66,25,2026-03-23,584.22
67,53,2024-12-27,887.37
68,13,2024-10-22,503.94
69,108,2025-08-15,1243.42
70,40,2025-01-31,190.22
71,21,2025-03-06,973.91
72,12,2024-06-30,908.16
73,25,2026-01-01,404.35
74,30,2024-07-24,431.1
75,29,2025-12-29,75.68
76,89,2025-03-15,595.33
77,19,2025-05-16,323.04
78,48,2025-10-12,155.96
79,43,2025-09-09,813.52
80,52,2026-05-11,53.66
81,21,2026-04-04,161.52
82,100,2024-06-10,722.67
83,17,2025-01-02,448.54
84,58,2025-05-13,946.11
85,106,2025-03-12,1475.06
86,24,2026-04-03,30.78
87,67,2024-10-23,410.94
88,17,2024-09-09,550.56
89,45,2025-07-08,613.36
90,108,2025-04-09,874.28
91,106,2025-10-02,486.41
92,32,2025-03-24,596.34
93,11,2026-03-24,512.91
94,120,2024-06-27,276.57
95,69,2024-08-18,56.32
96,72,2024-08-29,216.2
97,86,2026-01-04,561.61
98,26,2025-11-11,528.1
99,32,2025-08-10,1220.64
100,66,2024-10-10,30.78
101,19,2025-05-28,422.51
102,65,2026-03-09,829.25
103,102,2025-07-16,586.02
104,39,2024-10-17,1171.8
105,97,2024-11-10,105.85
106,57,2025-10-19,201.36
107,118,2025-02-24,131.8
108,83,2024-06-04,506.37
109,11,2025-10-26,290.28
110,67,2026-05-22,921.48
111,79,2025-12-07,384.98
112,110,2026-02-14,473.97
113,10,2024-12-28,192.39
114,22,2024-08-06,386.4
115,5,2026-03-15,794.18
116,81,2024-06-09,461.04
117,20,2026-02-24,131.46
118,106,2025-01-31,103.83
119,20,2025-02-24,1115.46
120,61,2026-03-10,648.02
121,79,2025-07-25,1085.83
122,51,2025-06-07,708.24
123,92,2025-05-29,1342.39
124,79,2025-09-23,227.04
125,44,2025-10-24,63.29
126,75,2026-04-16,183.12
127,72,2024-09-08,28.16
128,76,2025-04-15,323.04
129,19,2026-03-21,56.32
130,87,2026-01-29,562.22
131,105,2026-01-05,412.97
132,43,2024-10-22,715.75
133,80,2025-03-17,749.9
134,53,2025-04-22,919.71
135,17,2024-12-09,469.98
136,41,2024-08-11,1185.89
137,77,2025-01-16,590.3
138,41,2024-12-14,145.14
139,113,2024-07-27,204.6
140,115,2024-10-04,705.54
141,92,2026-01-25,816.53
142,48,2025-01-24,435.42
143,30,2025-01-13,849.51
144,10,2026-01-08,1095.27
145,10,2025-11-20,551.19
146,63,2025-06-12,1503.99
147,75,2025-02-16,1215.6
148,1,2024-11-12,338.7
149,115,2026-03-24,1027.31
150,90,2026-03-23,467.1
151,80,2024-11-25,417.75
152,85,2024-06-28,1489.0
153,57,2024-12-25,654.3
154,45,2025-12-03,103.47
155,67,2025-08-19,276.16
156,81,2026-02-11,63.29
157,115,2025-05-21,269.86
158,12,2025-11-03,363.1
159,71,2024-09-27,813.15
160,93,2024-09-12,1157.99
161,72,2026-05-04,636.33
162,118,2025-08-01,986.06
163,26,2024-07-22,1186.53
164,6,2025-09-10,588.53
165,21,2025-03-19,361.32
166,84,2025-09-04,163.97
167,114,2025-04-19,918.0
168,19,2025-09-12,500.21
169,9,2026-02-23,665.16
170,112,2024-12-24,1415.45
171,15,2026-03-30,828.07
172,27,2025-12-30,696.8
173,60,2025-07-07,1507.32
174,78,2025-04-09,119.67
175,92,2024-07-27,355.0
176,6,2025-05-25,73.26
177,67,2025-09-09,553.95
178,6,2026-04-11,145.14
179,103,2026-04-16,1299.65
180,8,2024-12-02,679.64
181,60,2026-04-15,102.72
182,62,2025-02-20,1041.9
183,22,2026-04-16,135.83
184,17,2025-01-11,455.84
185,35,2025-10-19,415.97
186,105,2026-03-23,196.47
187,1,2025-04-08,677.01
188,45,2025-10-10,722.54
189,68,2024-12-20,240.96
190,10,2025-08-25,255.56
191,2,2025-12-17,1354.77
192,56,2025-12-07,451.14
193,32,2025-04-13,1347.0
194,94,2025-06-28,677.96
195,17,2025-04-20,1154.54
196,53,2024-12-12,457.51
197,62,2026-05-21,305.0
198,81,2026-04-15,678.41
199,79,2025-06-23,1038.41
200,33,2025-01-06,152.5
201,74,2025-06-16,1015.89
202,103,2025-05-17,171.93
203,40,2025-07-12,631.77
204,107,2026-01-03,1052.29
205,53,2024-09-16,672.84
206,32,2025-06-24,159.58
207,86,2024-10-03,577.2
208,56,2024-09-08,544.3
209,19,2026-04-11,321.04
210,87,2024-08-24,189.87
211,53,2025-04-07,980.5
212,7,2025-07-01,790.51
213,82,2025-09-09,120.54
214,10,2025-01-12,1129.33
215,39,2024-07-08,373.12
216,42,2025-02-12,326.44
217,89,2025-05-15,1448.16
218,4,2026-04-23,120.76
219,117,2024-06-13,206.7
220,63,2024-11-07,305.0
221,36,2026-01-18,268.02
222,70,2025-01-30,361.32
223,26,2026-05-27,897.56
224,81,2026-02-03,785.67
225,19,2025-11-04,915.87
226,29,2024-11-12,221.97
227,99,2024-12-10,602.55
228,112,2024-10-19,1358.24
229,53,2026-02-01,1299.31
230,20,2025-07-16,548.19
231,106,2026-01-20,1152.98
232,17,2025-05-13,874.59
233,103,2026-04-09,912.71
234,34,2024-11-21,190.22
235,59,2025-12-22,939.93
236,50,2025-06-10,1324.8
237,2,2024-10-21,472.07
238,108,2025-07-15,221.03
239,52,2025-11-08,387.78
240,98,2024-10-13,956.77
241,111,2024-07-13,306.9
242,82,2026-04-13,1584.62
243,88,2024-08-31,1297.19
244,45,2024-06-15,906.32
245,79,2025-05-11,505.1
246,48,2024-06-19,771.17
247,103,2026-05-02,189.37
248,31,2025-02-13,714.56
249,42,2024-11-08,1047.64
250,81,2025-09-05,750.74
251,73,2026-02-12,69.22
252,84,2024-11-12,1291.2
253,100,2025-03-20,407.3
254,94,2026-04-07,404.24
255,40,2026-05-17,436.76
256,66,2025-08-25,942.19
257,69,2024-12-16,1064.29
258,82,2025-11-16,653.91
259,61,2025-10-30,283.8
260,34,2025-03-22,1292.99
261,39,2025-03-25,892.92
262,72,2025-01-20,846.36
263,10,2025-05-29,492.75
264,46,2025-09-24,773.82
265,114,2025-08-30,328.49
266,19,2026-03-01,749.54
267,34,2024-12-09,873.89
268,59,2026-04-16,553.95
269,63,2025-10-27,1458.69
270,90,2026-05-20,237.83
271,34,2024-05-27,1056.84
272,56,2024-11-27,956.39
273,116,2025-08-01,120.54
274,61,2025-03-30,407.49
275,48,2025-09-24,818.01
276,70,2024-08-15,320.73
277,78,2026-04-14,469.46
278,112,2025-05-09,994.2
279,94,2026-04-09,161.52
280,66,2025-03-21,1609.27
281,25,2026-05-19,219.22
282,120,2026-04-11,381.89
283,3,2026-05-10,376.81
284,56,2025-10-22,311.2
285,7,2026-02-20,791.79
286,11,2024-05-31,1419.15
287,11,2025-03-02,440.11
288,16,2025-09-22,1155.41
289,96,2024-09-17,300.72
290,64,2024-09-04,702.71
291,40,2025-05-16,1010.45
292,120,2025-03-18,1584.36
293,65,2024-12-02,761.52
294,42,2025-06-03,424.23
295,120,2024-08-20,273.82
296,117,2024-08-28,879.38
297,95,2024-08-01,743.08
298,94,2026-02-24,226.86
299,75,2025-07-07,26.83
300,54,2024-05-31,931.91
301,108,2024-10-08,378.74
302,93,2025-08-24,243.88
303,36,2025-11-13,245.3
304,38,2026-04-21,1334.31
305,39,2024-11-24,1279.81
306,33,2026-05-01,443.06
307,96,2025-02-26,449.66
308,94,2026-01-17,285.19
309,77,2025-07-11,358.16
310,23,2026-03-06,386.4
311,65,2024-12-30,170.97
312,104,2025-06-04,126.58
313,67,2024-11-10,848.74
314,95,2026-03-03,932.21
315,82,2024-11-07,675.9
316,102,2025-09-15,323.04
317,21,2026-05-17,1802.14
318,66,2025-10-26,1180.61
319,22,2024-10-27,1120.2
320,2,2024-09-18,1026.03
321,53,2026-01-13,829.74
322,74,2026-03-20,365.66
323,30,2025-05-22,122.65
324,99,2026-05-03,1222.41
325,106,2024-08-09,1060.42
326,29,2024-05-31,138.96
327,44,2025-01-27,983.52
328,51,2025-04-02,533.48
329,78,2025-04-01,375.3
330,43,2025-12-05,120.76
331,106,2026-02-22,611.1
332,85,2024-09-04,513.08
333,120,2024-07-20,669.29
334,89,2025-04-16,157.26
335,31,2024-11-11,673.87
336,48,2025-07-30,161.52
337,39,2025-02-08,312.61
338,34,2024-12-29,548.46
339,79,2025-06-10,119.47
340,83,2024-10-06,818.66
341,64,2025-01-27,459.1
342,39,2025-07-28,907.8
343,20,2025-04-04,451.02
344,115,2024-06-19,638.7
345,13,2025-07-07,798.08
346,17,2024-12-21,596.62
347,28,2025-08-24,606.88
348,49,2025-11-12,512.91
349,35,2026-05-15,1025.98
350,29,2024-07-10,1286.93
351,40,2025-11-07,227.69
352,114,2025-09-27,119.58
353,41,2025-12-12,1014.96
354,69,2025-05-16,369.3
355,30,2025-12-15,385.71
356,54,2026-05-02,376.55
357,27,2024-06-20,310.85
358,76,2026-02-26,100.68
359,65,2026-02-01,484.35
360,21,2025-06-03,869.75
361,28,2026-04-08,535.92
362,103,2025-09-30,26.83
363,10,2024-10-14,126.58
364,116,2024-10-15,900.86
365,119,2024-11-04,1003.85
366,12,2026-03-04,890.58
367,54,2024-09-29,470.82
368,34,2025-08-02,417.36
369,19,2024-09-04,1408.7
370,19,2024-09-28,136.22
371,26,2025-05-19,341.41
372,95,2025-06-19,1315.46
373,37,2024-06-16,1091.09
374,76,2025-09-28,34.61
375,9,2024-11-15,1044.26
376,58,2025-05-31,246.41
377,11,2024-09-03,73.26
378,45,2025-08-06,255.32
379,78,2025-08-02,475.58
380,13,2024-09-10,1245.57
381,58,2025-06-20,179.51
382,52,2024-11-10,583.37
383,52,2024-07-23,131.8
384,18,2024-08-31,373.78
385,72,2024-07-11,341.94
386,106,2025-11-15,669.58
387,94,2025-11-01,837.94
388,21,2025-10-15,36.63
389,116,2025-11-05,271.66
390,96,2024-08-07,696.59
391,38,2025-11-03,1124.78
392,111,2024-09-19,1018.04
393,30,2024-06-03,188.35
394,48,2025-05-21,1014.33
395,54,2024-09-13,1263.87
396,30,2025-03-10,189.37
397,102,2025-01-25,668.14
398,4,2025-03-11,1784.7
399,40,2025-06-18,64.79
400,51,2026-04-01,844.06
401,107,2024-12-30,68.11
402,31,2025-05-12,419.52
403,42,2025-01-20,258.8
404,15,2025-07-20,445.58
405,91,2026-01-21,308.15
406,42,2024-07-14,63.29
407,82,2025-11-27,1069.0
408,73,2024-08-01,701.32
409,89,2025-10-09,622.34
410,73,2025-07-28,728.86
411,65,2026-05-02,892.92
412,72,2025-05-20,1067.92
413,42,2025-09-03,564.67
414,116,2025-01-04,727.17
415,69,2024-12-14,892.27
416,7,2025-12-06,361.32
417,29,2025-05-30,1005.03
418,33,2024-10-23,735.3
419,20,2025-12-22,239.66
420,92,2025-06-27,323.04
421,98,2024-08-21,546.41
422,108,2024-10-03,506.37
423,89,2026-02-14,802.98
424,14,2025-10-18,1562.46
425,71,2024-09-14,470.87
426,80,2025-03-28,502.14
427,59,2025-09-17,652.74
428,118,2025-12-06,786.26
429,44,2026-02-02,778.53
430,55,2024-09-12,683.31
431,50,2025-04-26,584.1
432,68,2025-07-06,676.89
433,101,2025-03-14,1215.79
434,43,2025-10-04,1720.42
435,6,2024-10-30,1017.29
436,50,2025-02-08,700.82
437,39,2024-07-22,1182.04
438,17,2024-09-29,592.6
439,92,2025-03-06,79.78
440,49,2025-10-30,764.8
441,28,2025-01-01,438.74
442,39,2026-02-18,1541.5
443,100,2025-04-01,1051.23
444,45,2024-09-02,770.71
445,17,2026-05-27,60.38
446,56,2025-08-24,1115.2
447,113,2026-03-03,820.34
448,58,2025-05-03,498.94
449,94,2025-12-31,1101.84
450,29,2024-08-23,1041.86
451,112,2025-07-10,473.77
452,72,2026-02-08,520.41
453,14,2025-04-19,1012.97
454,69,2024-11-13,250.25
455,59,2025-01-21,405.14
456,33,2025-08-22,519.62
457,115,2025-06-03,69.22
458,12,2026-03-30,1041.31
459,69,2026-05-19,888.27
460,4,2024-06-18,424.16
461,118,2024-12-02,259.4
462,47,2025-05-17,190.52
463,54,2024-10-06,1215.6
464,4,2025-10-01,968.74
465,42,2025-10-22,863.85
466,103,2026-03-05,302.04
467,74,2026-02-25,61.04
468,104,2024-12-18,1398.52
469,9,2026-01-24,1438.83
470,6,2024-10-06,1114.78
471,43,2025-09-28,1013.25
472,87,2024-07-30,699.03
473,102,2025-12-07,541.7
474,67,2026-01-13,1425.47
475,42,2026-04-27,569.81
476,91,2025-12-15,1246.16
477,20,2024-11-29,1500.87
478,53,2026-02-24,1520.04
479,34,2026-02-28,170.97
480,52,2025-03-31,1115.74
481,61,2025-07-14,676.63
482,85,2024-12-21,905.66
483,25,2026-04-26,834.83
484,116,2024-12-17,326.74
485,20,2025-07-28,79.78
486,61,2024-08-21,361.32
487,88,2025-09-12,238.52
488,51,2025-12-13,1104.88
489,47,2024-05-30,929.71
490,109,2024-10-07,758.2
491,38,2026-04-21,661.24
492,15,2024-11-02,332.27
493,32,2025-03-27,328.45
494,42,2025-11-14,216.73
495,95,2025-02-13,34.61
496,77,2025-12-01,1000.61
497,6,2025-06-24,389.49
498,71,2026-03-20,944.05
499,14,2024-11-19,302.04
500,39,2026-05-06,938.89
