order_item_id,order_id,product_id,quantity,unit_price
1,1,28,3,23.98
2,2,26,2,21.77
3,3,19,1,186.44
4,3,10,1,125.55
5,3,9,2,78.17
6,4,10,2,125.55
7,4,18,3,16.87
8,4,7,1,187.26
9,4,33,2,112.23
10,4,32,1,155.84
11,5,31,2,193.78
12,6,11,1,126.82
13,6,20,1,91.59
14,7,20,3,91.59
15,7,3,1,146.05
16,7,10,2,125.55
17,7,29,2,198.63
18,7,34,3,193.2
19,8,8,1,133.88
20,8,21,2,80.41
21,8,26,1,21.77
22,8,3,1,146.05
23,9,21,2,80.41
24,9,27,2,58.51
25,9,27,3,58.51
26,9,20,3,91.59
27,10,33,2,112.23
28,10,4,1,35.9
29,10,5,2,130.49
30,10,13,3,144.86
31,10,2,3,70.33
32,11,16,3,160.21
33,12,20,2,91.59
34,12,22,3,102.77
35,12,13,1,144.86
36,12,26,2,21.77
37,13,28,2,23.98
38,13,33,3,112.23
39,13,2,2,70.33
40,13,19,2,186.44
41,13,27,1,58.51
42,14,18,2,16.87
43,14,28,3,23.98
44,14,27,1,58.51
45,15,31,1,193.78
46,15,30,1,189.26
47,15,12,3,68.29
48,15,3,3,146.05
49,15,31,2,193.78
50,16,21,2,80.41
51,16,21,3,80.41
52,16,17,1,20.82
53,16,13,2,144.86
54,16,17,2,20.82
55,17,17,2,20.82
56,17,17,1,20.82
57,18,20,2,91.59
58,19,35,2,94.06
59,19,23,2,186.17
60,19,34,2,193.2
61,19,31,2,193.78
62,20,24,2,117.07
63,20,16,1,160.21
64,20,3,1,146.05
65,21,18,1,16.87
66,21,22,3,102.77
67,21,14,3,93.38
68,21,17,3,20.82
69,21,14,2,93.38
70,22,10,3,125.55
71,22,34,1,193.2
72,22,24,3,117.07
73,22,10,1,125.55
74,22,30,2,189.26
75,23,2,2,70.33
76,23,25,1,171.09
77,23,5,2,130.49
78,24,26,3,21.77
79,25,2,1,70.33
80,25,20,2,91.59
81,25,18,2,16.87
82,25,15,3,30.31
83,25,11,3,126.82
84,26,29,2,198.63
85,26,12,2,68.29
86,26,13,3,144.86
87,27,30,2,189.26
88,27,35,1,94.06
89,27,18,1,16.87
90,27,6,1,198.74
91,27,33,3,112.23
92,28,24,2,117.07
93,28,32,3,155.84
94,28,14,1,93.38
95,28,26,3,21.77
96,29,31,1,193.78
97,30,7,3,187.26
98,30,27,2,58.51
99,30,28,2,23.98
100,30,3,1,146.05
101,31,17,3,20.82
102,31,11,1,126.82
103,31,33,2,112.23
104,32,24,1,117.07
105,32,12,1,68.29
106,32,33,2,112.23
107,33,31,3,193.78
108,33,31,1,193.78
109,34,29,2,198.63
110,35,30,2,189.26
111,35,19,3,186.44
112,35,28,2,23.98
113,35,28,2,23.98
114,36,25,1,171.09
115,37,19,1,186.44
116,37,12,2,68.29
117,37,16,1,160.21
118,37,17,1,20.82
119,37,3,1,146.05
120,38,21,1,80.41
121,38,23,3,186.17
122,38,10,3,125.55
123,38,30,1,189.26
124,38,9,1,78.17
125,39,4,1,35.9
126,39,25,3,171.09
127,39,7,2,187.26
128,40,19,3,186.44
129,40,25,3,171.09
130,40,18,1,16.87
131,40,23,2,186.17
132,41,23,1,186.17
133,41,27,3,58.51
134,41,1,3,193.34
135,42,20,3,91.59
136,42,17,1,20.82
137,42,27,3,58.51
138,42,29,3,198.63
139,43,33,3,112.23
140,43,16,1,160.21
141,43,32,2,155.84
142,44,23,3,186.17
143,44,17,2,20.82
144,45,4,3,35.9
145,45,3,2,146.05
146,46,32,3,155.84
147,46,10,3,125.55
148,46,4,2,35.9
149,46,27,3,58.51
150,46,9,1,78.17
151,47,31,3,193.78
152,47,4,2,35.9
153,47,7,3,187.26
154,48,3,3,146.05
155,48,15,2,30.31
156,48,24,3,117.07
157,48,5,3,130.49
158,49,33,1,112.23
159,49,32,2,155.84
160,49,22,2,102.77
161,49,15,3,30.31
162,49,11,1,126.82
163,50,6,3,198.74
164,51,35,3,94.06
165,51,23,2,186.17
166,52,15,1,30.31
167,52,3,3,146.05
168,52,19,3,186.44
169,53,31,2,193.78
170,54,34,3,193.2
171,54,27,2,58.51
172,54,2,3,70.33
173,55,2,3,70.33
174,55,18,3,16.87
175,55,29,1,198.63
176,56,4,3,35.9
177,56,15,2,30.31
178,56,1,3,193.34
179,57,21,2,80.41
180,57,10,3,125.55
181,58,2,2,70.33
182,58,8,1,133.88
183,58,13,2,144.86
184,59,33,3,112.23
185,60,7,2,187.26
186,61,24,3,117.07
187,61,22,3,102.77
188,61,4,2,35.9
189,61,19,2,186.44
190,62,15,2,30.31
191,62,1,3,193.34
192,62,8,1,133.88
193,62,32,1,155.84
194,63,31,2,193.78
195,63,17,1,20.82
196,64,28,1,23.98
197,64,8,1,133.88
198,65,30,2,189.26
199,65,21,1,80.41
200,65,11,2,126.82
201,65,10,2,125.55
202,66,5,2,130.49
203,66,2,1,70.33
204,66,23,1,186.17
205,66,19,3,186.44
206,67,33,2,112.23
207,68,35,3,94.06
208,68,34,1,193.2
209,69,26,2,21.77
210,69,29,2,198.63
211,69,6,2,198.74
212,69,11,1,126.82
213,70,12,2,68.29
214,71,17,1,20.82
215,71,12,1,68.29
216,71,33,2,112.23
217,71,4,1,35.9
218,72,10,1,125.55
219,72,10,2,125.55
220,73,8,1,133.88
221,73,28,3,23.98
222,73,20,2,91.59
223,73,28,1,23.98
224,74,24,1,117.07
225,75,13,2,144.86
226,75,15,1,30.31
227,75,4,3,35.9
228,75,31,3,193.78
229,76,25,3,171.09
230,76,32,3,155.84
231,76,12,1,68.29
232,77,28,2,23.98
233,78,24,3,117.07
234,78,20,3,91.59
235,78,10,2,125.55
236,78,23,3,186.17
237,78,23,2,186.17
238,79,33,1,112.23
239,79,21,3,80.41
240,79,3,3,146.05
241,80,2,3,70.33
242,80,24,2,117.07
243,80,10,1,125.55
244,81,28,1,23.98
245,82,8,2,133.88
246,82,28,1,23.98
247,82,5,3,130.49
248,82,2,1,70.33
249,82,1,3,193.34
250,83,5,1,130.49
251,83,10,2,125.55
252,83,13,1,144.86
253,83,24,1,117.07
254,83,8,1,133.88
255,84,14,3,93.38
256,84,3,3,146.05
257,85,23,1,186.17
258,85,22,3,102.77
259,86,18,1,16.87
260,86,25,2,171.09
261,86,3,1,146.05
262,86,3,2,146.05
263,86,12,1,68.29
264,87,35,3,94.06
265,87,32,3,155.84
266,87,1,1,193.34
267,88,30,1,189.26
268,88,26,3,21.77
269,88,4,1,35.9
270,88,15,3,30.31
271,88,32,2,155.84
272,89,23,3,186.17
273,89,4,1,35.9
274,89,3,2,146.05
275,90,28,3,23.98
276,90,17,2,20.82
277,90,9,3,78.17
278,90,8,3,133.88
279,90,4,1,35.9
280,91,9,2,78.17
281,91,7,1,187.26
282,91,34,3,193.2
283,92,32,2,155.84
284,92,21,3,80.41
285,92,35,3,94.06
286,93,31,1,193.78
287,94,18,3,16.87
288,94,19,1,186.44
289,94,29,3,198.63
290,95,16,3,160.21
291,95,26,3,21.77
292,95,32,3,155.84
293,95,12,2,68.29
294,95,32,3,155.84
295,96,2,1,70.33
296,96,33,1,112.23
297,96,18,1,16.87
298,96,4,3,35.9
299,97,33,3,112.23
300,97,13,2,144.86
301,97,31,2,193.78
302,98,7,3,187.26
303,99,16,2,160.21
304,99,6,3,198.74
305,99,18,3,16.87
306,99,18,3,16.87
307,99,22,3,102.77
308,100,21,2,80.41
309,101,14,3,93.38
310,101,24,2,117.07
311,101,27,1,58.51
312,102,8,1,133.88
313,102,33,1,112.23
314,102,33,2,112.23
315,102,25,1,171.09
316,103,19,2,186.44
317,103,29,2,198.63
318,103,20,1,91.59
319,104,31,3,193.78
320,104,28,2,23.98
321,105,26,2,21.77
322,106,9,2,78.17
323,106,27,2,58.51
324,106,34,1,193.2
325,106,4,1,35.9
326,107,18,2,16.87
327,107,29,2,198.63
328,107,19,3,186.44
329,107,6,2,198.74
330,107,13,2,144.86
331,108,18,1,16.87
332,108,24,1,117.07
333,109,7,3,187.26
334,109,14,1,93.38
335,109,14,3,93.38
336,110,6,1,198.74
337,111,31,1,193.78
338,111,26,3,21.77
339,111,29,3,198.63
340,112,27,1,58.51
341,112,27,3,58.51
342,113,21,2,80.41
343,114,8,1,133.88
344,115,6,2,198.74
345,115,28,1,23.98
346,116,34,1,193.2
347,116,22,3,102.77
348,116,25,3,171.09
349,116,33,3,112.23
350,116,16,2,160.21
351,117,31,1,193.78
352,118,15,1,30.31
353,119,30,1,189.26
354,119,2,3,70.33
355,119,17,2,20.82
356,119,17,1,20.82
357,119,5,2,130.49
358,120,19,3,186.44
359,120,33,3,112.23
360,120,9,1,78.17
361,120,12,2,68.29
362,121,34,2,193.2
363,121,3,3,146.05
364,121,19,3,186.44
365,122,24,1,117.07
366,122,22,2,102.77
367,122,18,3,16.87
368,122,2,2,70.33
369,122,15,1,30.31
370,123,10,1,125.55
371,123,19,3,186.44
372,123,14,3,93.38
373,123,24,1,117.07
374,123,20,2,91.59
375,124,23,1,186.17
376,124,30,2,189.26
377,124,32,2,155.84
378,125,10,2,125.55
379,125,5,3,130.49
380,125,12,2,68.29
381,126,33,2,112.23
382,126,3,3,146.05
383,126,10,2,125.55
384,126,21,2,80.41
385,126,15,3,30.31
386,127,35,3,94.06
387,127,32,1,155.84
388,127,35,2,94.06
389,127,13,2,144.86
390,127,24,3,117.07
391,128,32,1,155.84
392,128,16,1,160.21
393,128,29,2,198.63
394,129,14,1,93.38
395,129,11,1,126.82
396,129,12,3,68.29
397,129,8,3,133.88
398,130,35,3,94.06
399,130,25,2,171.09
400,130,27,3,58.51
401,130,9,1,78.17
402,130,11,1,126.82
403,131,10,3,125.55
404,131,11,1,126.82
405,132,26,1,21.77
406,132,17,3,20.82
407,133,26,3,21.77
408,133,12,2,68.29
409,133,12,3,68.29
410,133,34,2,193.2
411,134,35,1,94.06
412,134,15,2,30.31
413,134,10,3,125.55
414,134,30,2,189.26
415,135,12,1,68.29
416,135,19,3,186.44
417,136,18,3,16.87
418,136,15,2,30.31
419,136,26,1,21.77
420,136,3,3,146.05
421,136,10,3,125.55
422,137,3,1,146.05
423,137,28,1,23.98
424,137,35,2,94.06
425,137,25,2,171.09
426,138,17,1,20.82
427,138,14,1,93.38
428,138,31,2,193.78
429,138,2,2,70.33
430,138,23,2,186.17
431,139,34,1,193.2
432,140,21,2,80.41
433,140,4,3,35.9
434,140,32,3,155.84
435,140,20,2,91.59
436,141,4,1,35.9
437,142,14,3,93.38
438,143,31,3,193.78
439,144,1,1,193.34
440,145,28,2,23.98
441,145,9,3,78.17
442,145,8,3,133.88
443,145,26,2,21.77
444,145,10,1,125.55
445,146,18,2,16.87
446,146,22,1,102.77
447,147,4,1,35.9
448,147,3,3,146.05
449,147,23,1,186.17
450,147,11,3,126.82
451,148,8,1,133.88
452,149,20,3,91.59
453,149,30,1,189.26
454,149,20,1,91.59
455,149,9,1,78.17
456,150,14,1,93.38
457,150,34,3,193.2
458,150,13,1,144.86
459,151,13,2,144.86
460,151,9,3,78.17
461,151,28,1,23.98
462,151,28,2,23.98
463,151,19,1,186.44
464,152,9,2,78.17
465,152,28,1,23.98
466,152,19,2,186.44
467,152,23,3,186.17
468,152,6,2,198.74
469,153,25,1,171.09
470,153,26,1,21.77
471,153,23,3,186.17
472,154,25,3,171.09
473,154,1,2,193.34
474,155,33,2,112.23
475,155,22,2,102.77
476,155,19,3,186.44
477,156,32,3,155.84
478,156,12,1,68.29
479,156,32,1,155.84
480,156,13,3,144.86
481,157,16,3,160.21
482,157,15,2,30.31
483,157,26,1,21.77
484,157,24,2,117.07
485,158,10,2,125.55
486,158,7,1,187.26
487,158,7,3,187.26
488,158,3,2,146.05
489,158,9,3,78.17
490,159,9,2,78.17
491,159,4,1,35.9
492,159,4,1,35.9
493,159,8,3,133.88
494,160,15,3,30.31
495,161,32,2,155.84
496,162,4,1,35.9
497,163,14,3,93.38
498,163,16,1,160.21
499,163,4,1,35.9
500,163,34,2,193.2
501,164,5,2,130.49
502,165,30,3,189.26
503,165,24,3,117.07
504,165,18,3,16.87
505,165,26,1,21.77
506,165,34,2,193.2
507,166,18,2,16.87
508,166,3,2,146.05
509,167,24,1,117.07
510,167,34,1,193.2
511,168,17,3,20.82
512,169,7,3,187.26
513,169,6,3,198.74
514,170,25,3,171.09
515,171,17,2,20.82
516,171,25,2,171.09
517,171,9,2,78.17
518,171,32,3,155.84
519,171,17,3,20.82
520,172,31,1,193.78
521,172,22,2,102.77
522,172,2,2,70.33
523,172,20,2,91.59
524,173,18,1,16.87
525,174,24,1,117.07
526,174,8,2,133.88
527,175,19,3,186.44
528,175,30,3,189.26
529,175,19,1,186.44
530,176,21,3,80.41
531,176,30,2,189.26
532,176,17,2,20.82
533,177,28,2,23.98
534,177,19,2,186.44
535,177,4,2,35.9
536,177,14,1,93.38
537,177,25,1,171.09
538,178,25,2,171.09
539,178,4,2,35.9
540,178,12,2,68.29
541,178,26,3,21.77
542,178,30,1,189.26
543,179,18,1,16.87
544,179,23,3,186.17
545,179,8,3,133.88
546,179,27,1,58.51
547,179,2,3,70.33
548,180,6,2,198.74
549,180,14,2,93.38
550,181,33,2,112.23
551,182,4,2,35.9
552,183,11,2,126.82
553,184,30,3,189.26
554,184,11,3,126.82
555,184,4,3,35.9
556,184,26,2,21.77
557,184,30,3,189.26
558,185,14,1,93.38
559,185,34,3,193.2
560,186,24,1,117.07
561,187,12,3,68.29
562,187,12,1,68.29
563,187,1,1,193.34
564,187,13,1,144.86
565,188,2,2,70.33
566,188,33,1,112.23
567,188,32,2,155.84
568,188,15,2,30.31
569,188,16,3,160.21
570,189,1,2,193.34
571,190,15,1,30.31
572,190,3,3,146.05
573,191,11,1,126.82
574,191,28,3,23.98
575,191,11,2,126.82
576,191,22,3,102.77
577,192,20,2,91.59
578,193,29,1,198.63
579,194,4,3,35.9
580,194,23,2,186.17
581,194,7,1,187.26
582,194,32,2,155.84
583,195,17,3,20.82
584,195,18,1,16.87
585,195,29,3,198.63
586,196,22,3,102.77
587,196,27,2,58.51
588,196,12,3,68.29
589,196,15,2,30.31
590,196,2,3,70.33
591,197,13,3,144.86
592,197,10,3,125.55
593,197,19,3,186.44
594,197,24,1,117.07
595,198,18,2,16.87
596,198,33,3,112.23
597,198,24,1,117.07
598,198,15,2,30.31
599,199,7,3,187.26
600,199,35,1,94.06
601,199,14,3,93.38
602,200,14,3,93.38
603,200,28,1,23.98
604,201,3,2,146.05
605,201,13,1,144.86
606,201,1,3,193.34
607,201,14,3,93.38
608,202,15,1,30.31
609,202,19,2,186.44
610,202,8,3,133.88
611,203,30,1,189.26
612,203,12,2,68.29
613,204,5,3,130.49
614,204,3,3,146.05
615,204,35,3,94.06
616,204,8,1,133.88
617,204,14,1,93.38
618,205,21,3,80.41
619,205,23,1,186.17
620,205,34,1,193.2
621,205,16,3,160.21
622,206,10,3,125.55
623,207,21,3,80.41
624,208,19,2,186.44
625,208,24,3,117.07
626,208,10,1,125.55
627,209,25,2,171.09
628,210,8,3,133.88
629,210,18,3,16.87
630,210,9,1,78.17
631,210,21,3,80.41
632,211,6,3,198.74
633,211,6,1,198.74
634,212,33,3,112.23
635,212,18,1,16.87
636,212,1,1,193.34
637,212,29,2,198.63
638,213,29,3,198.63
639,213,11,3,126.82
640,214,31,1,193.78
641,214,29,1,198.63
642,215,22,2,102.77
643,215,32,2,155.84
644,215,9,3,78.17
645,215,3,2,146.05
646,215,17,2,20.82
647,216,23,3,186.17
648,216,27,2,58.51
649,217,34,2,193.2
650,217,5,3,130.49
651,217,9,1,78.17
652,218,11,1,126.82
653,218,15,3,30.31
654,219,10,3,125.55
655,219,3,1,146.05
656,220,23,2,186.17
657,220,31,2,193.78
658,220,10,3,125.55
659,221,34,2,193.2
660,222,8,1,133.88
661,222,23,1,186.17
662,222,19,2,186.44
663,222,15,2,30.31
664,222,11,3,126.82
665,223,8,1,133.88
666,223,33,3,112.23
667,223,20,1,91.59
668,223,24,3,117.07
669,224,33,1,112.23
670,224,2,2,70.33
671,224,9,2,78.17
672,224,13,1,144.86
673,224,29,2,198.63
674,225,24,3,117.07
675,225,31,2,193.78
676,226,31,1,193.78
677,226,15,2,30.31
678,227,29,3,198.63
679,227,19,2,186.44
680,227,27,3,58.51
681,227,21,3,80.41
682,228,19,3,186.44
683,228,5,1,130.49
684,229,8,2,133.88
685,229,23,3,186.17
686,229,18,2,16.87
687,229,13,3,144.86
688,230,29,3,198.63
689,230,4,2,35.9
690,230,19,2,186.44
691,231,19,3,186.44
692,231,32,3,155.84
693,232,14,1,93.38
694,233,26,1,21.77
695,233,17,3,20.82
696,234,32,3,155.84
697,234,7,3,187.26
698,235,22,3,102.77
699,235,5,2,130.49
700,235,3,2,146.05
701,235,17,2,20.82
702,235,12,3,68.29
703,236,12,2,68.29
704,237,8,2,133.88
705,237,2,3,70.33
706,237,20,3,91.59
707,237,8,3,133.88
708,237,35,3,94.06
709,238,22,1,102.77
710,238,15,3,30.31
711,238,20,1,91.59
712,239,14,3,93.38
713,239,7,2,187.26
714,240,13,2,144.86
715,240,17,2,20.82
716,241,30,2,189.26
717,241,8,1,133.88
718,241,22,2,102.77
719,241,35,1,94.06
720,242,15,1,30.31
721,243,12,1,68.29
722,243,32,1,155.84
723,243,2,3,70.33
724,244,24,1,117.07
725,245,22,3,102.77
726,245,25,3,171.09
727,246,25,3,171.09
728,247,35,1,94.06
729,247,8,3,133.88
730,247,21,3,80.41
731,247,16,2,160.21
732,248,25,1,171.09
733,248,10,2,125.55
734,248,3,1,146.05
735,248,18,2,16.87
736,248,26,1,21.77
737,249,18,2,16.87
738,249,14,2,93.38
739,249,17,1,20.82
740,249,35,3,94.06
741,250,5,2,130.49
742,251,20,3,91.59
743,251,12,3,68.29
744,251,11,2,126.82
745,252,18,2,16.87
746,252,22,1,102.77
747,252,16,1,160.21
748,252,2,2,70.33
749,253,18,1,16.87
750,253,5,2,130.49
751,253,34,1,193.2
752,254,34,2,193.2
753,254,13,1,144.86
754,254,18,1,16.87
755,254,2,3,70.33
756,254,15,3,30.31
757,255,2,3,70.33
758,256,27,3,58.51
759,257,10,3,125.55
760,258,21,2,80.41
761,259,13,3,144.86
762,259,4,1,35.9
763,260,14,1,93.38
764,260,29,1,198.63
765,260,7,1,187.26
766,260,2,3,70.33
767,261,6,3,198.74
768,261,27,3,58.51
769,262,18,2,16.87
770,263,23,2,186.17
771,263,14,1,93.38
772,263,27,2,58.51
773,263,9,1,78.17
774,263,24,3,117.07
775,264,19,3,186.44
776,265,21,2,80.41
777,265,27,2,58.51
778,265,35,2,94.06
779,265,8,3,133.88
780,266,27,1,58.51
781,266,30,2,189.26
782,266,24,2,117.07
783,266,14,1,93.38
784,266,17,3,20.82
785,267,14,2,93.38
786,267,27,3,58.51
787,267,14,2,93.38
788,268,14,2,93.38
789,268,29,1,198.63
790,268,2,3,70.33
791,269,18,2,16.87
792,269,32,1,155.84
793,269,19,3,186.44
794,269,20,3,91.59
795,269,8,2,133.88
796,270,5,3,130.49
797,270,6,1,198.74
798,270,31,3,193.78
799,271,5,1,130.49
800,271,9,1,78.17
801,272,33,3,112.23
802,273,32,1,155.84
803,273,27,2,58.51
804,273,10,1,125.55
805,273,5,2,130.49
806,274,19,1,186.44
807,275,5,2,130.49
808,275,28,2,23.98
809,275,23,3,186.17
810,275,15,1,30.31
811,276,3,1,146.05
812,276,9,3,78.17
813,276,21,1,80.41
814,277,33,1,112.23
815,277,3,3,146.05
816,277,34,1,193.2
817,278,13,2,144.86
818,278,6,2,198.74
819,278,25,2,171.09
820,279,21,3,80.41
821,279,7,2,187.26
822,279,18,3,16.87
823,280,5,3,130.49
824,280,30,2,189.26
825,280,13,3,144.86
826,281,33,3,112.23
827,281,32,1,155.84
828,281,10,2,125.55
829,281,13,3,144.86
830,282,9,2,78.17
831,282,2,2,70.33
832,283,22,2,102.77
833,283,24,2,117.07
834,284,17,3,20.82
835,284,28,2,23.98
836,284,35,1,94.06
837,284,27,3,58.51
838,285,10,2,125.55
839,285,1,2,193.34
840,285,20,2,91.59
841,285,8,3,133.88
842,285,12,3,68.29
843,286,35,2,94.06
844,287,25,3,171.09
845,287,2,1,70.33
846,288,5,2,130.49
847,288,12,3,68.29
848,288,23,2,186.17
849,289,35,2,94.06
850,289,17,3,20.82
851,289,24,2,117.07
852,289,17,2,20.82
853,290,27,2,58.51
854,290,23,2,186.17
855,291,30,1,189.26
856,291,21,1,80.41
857,292,15,1,30.31
858,292,31,1,193.78
859,292,13,1,144.86
860,292,35,1,94.06
861,292,12,1,68.29
862,293,24,1,117.07
863,293,22,1,102.77
864,293,18,3,16.87
865,294,19,1,186.44
866,294,1,1,193.34
867,294,24,3,117.07
868,295,18,3,16.87
869,295,11,3,126.82
870,296,16,2,160.21
871,297,6,1,198.74
872,297,27,1,58.51
873,297,15,1,30.31
874,298,11,3,126.82
875,299,1,3,193.34
876,300,6,2,198.74
877,300,5,2,130.49
878,301,5,1,130.49
879,301,24,1,117.07
880,302,21,1,80.41
881,302,24,3,117.07
882,302,17,2,20.82
883,302,10,3,125.55
884,302,4,2,35.9
885,303,13,1,144.86
886,303,12,2,68.29
887,303,34,1,193.2
888,303,11,3,126.82
889,303,35,3,94.06
890,304,12,1,68.29
891,304,26,2,21.77
892,304,23,2,186.17
893,304,31,1,193.78
894,304,3,3,146.05
895,305,2,2,70.33
896,305,29,3,198.63
897,306,15,1,30.31
898,306,12,2,68.29
899,306,30,1,189.26
900,306,29,3,198.63
901,306,2,2,70.33
902,307,24,2,117.07
903,307,33,1,112.23
904,308,34,1,193.2
905,308,27,2,58.51
906,308,18,2,16.87
907,308,23,3,186.17
908,308,4,3,35.9
909,309,20,2,91.59
910,309,1,1,193.34
911,309,17,3,20.82
912,309,33,2,112.23
913,310,24,3,117.07
914,310,24,1,117.07
915,310,3,1,146.05
916,310,3,2,146.05
917,310,30,3,189.26
918,311,17,2,20.82
919,311,12,1,68.29
920,311,30,2,189.26
921,311,5,2,130.49
922,311,21,2,80.41
923,312,10,3,125.55
924,312,13,1,144.86
925,312,33,1,112.23
926,313,28,1,23.98
927,313,34,2,193.2
928,313,9,3,78.17
929,313,3,1,146.05
930,313,12,1,68.29
931,314,26,1,21.77
932,314,16,2,160.21
933,315,34,2,193.2
934,315,15,2,30.31
935,315,4,3,35.9
936,316,24,3,117.07
937,316,4,3,35.9
938,317,8,3,133.88
939,317,4,2,35.9
940,317,22,1,102.77
941,318,32,3,155.84
942,318,8,3,133.88
943,319,24,1,117.07
944,319,3,2,146.05
945,319,22,3,102.77
946,319,14,3,93.38
947,320,3,1,146.05
948,321,31,2,193.78
949,321,16,3,160.21
950,321,7,2,187.26
951,321,26,2,21.77
952,322,4,2,35.9
953,322,4,3,35.9
954,322,22,1,102.77
955,323,24,1,117.07
956,323,7,3,187.26
957,323,8,2,133.88
958,323,7,2,187.26
959,324,20,3,91.59
960,325,32,2,155.84
961,325,13,1,144.86
962,325,25,2,171.09
963,326,32,1,155.84
964,326,19,3,186.44
965,326,33,2,112.23
966,326,21,2,80.41
967,327,6,3,198.74
968,327,22,1,102.77
969,328,28,3,23.98
970,329,34,3,193.2
971,329,13,1,144.86
972,329,17,3,20.82
973,329,13,2,144.86
974,330,8,2,133.88
975,330,35,3,94.06
976,331,5,1,130.49
977,332,33,2,112.23
978,332,33,1,112.23
979,332,9,2,78.17
980,332,35,1,94.06
981,332,30,2,189.26
982,333,33,2,112.23
983,333,26,2,21.77
984,333,25,1,171.09
985,333,15,1,30.31
986,333,12,3,68.29
987,334,7,3,187.26
988,334,2,2,70.33
989,334,35,1,94.06
990,335,23,3,186.17
991,335,30,2,189.26
992,335,27,3,58.51
993,336,35,1,94.06
994,336,20,2,91.59
995,336,18,2,16.87
996,336,17,3,20.82
997,336,20,1,91.59
998,337,4,1,35.9
999,338,4,2,35.9
1000,338,28,1,23.98
1001,338,25,1,171.09
1002,338,16,3,160.21
1003,338,24,3,117.07
1004,339,28,3,23.98
1005,339,24,1,117.07
1006,339,18,2,16.87
1007,339,7,2,187.26
1008,340,28,1,23.98
1009,340,26,3,21.77
1010,340,2,3,70.33
1011,340,34,3,193.2
1012,341,22,1,102.77
1013,341,31,2,193.78
1014,341,30,1,189.26
1015,341,14,3,93.38
1016,341,6,3,198.74
1017,342,30,1,189.26
1018,342,11,2,126.82
1019,343,26,3,21.77
1020,343,34,1,193.2
1021,343,22,3,102.77
1022,344,8,1,133.88
1023,344,31,3,193.78
1024,344,28,2,23.98
1025,344,9,3,78.17
1026,344,15,3,30.31
1027,345,5,1,130.49
1028,345,25,2,171.09
1029,345,26,1,21.77
1030,345,32,2,155.84
1031,345,6,2,198.74
1032,346,22,2,102.77
1033,346,28,1,23.98
1034,346,6,3,198.74
1035,346,12,1,68.29
1036,347,17,3,20.82
1037,347,16,1,160.21
1038,347,35,2,94.06
1039,347,17,3,20.82
1040,348,19,1,186.44
1041,348,18,3,16.87
1042,348,9,3,78.17
1043,348,21,1,80.41
1044,348,12,1,68.29
1045,349,27,2,58.51
1046,349,25,1,171.09
1047,349,9,1,78.17
1048,350,18,3,16.87
1049,351,26,1,21.77
1050,352,33,3,112.23
1051,352,28,2,23.98
1052,352,33,3,112.23
1053,352,33,2,112.23
1054,353,11,2,126.82
1055,353,35,2,94.06
1056,354,25,2,171.09
1057,354,3,3,146.05
1058,354,28,2,23.98
1059,355,27,3,58.51
1060,356,28,3,23.98
1061,356,21,3,80.41
1062,356,20,2,91.59
1063,357,33,3,112.23
1064,357,30,2,189.26
1065,358,10,2,125.55
1066,358,12,3,68.29
1067,358,23,1,186.17
1068,359,1,1,193.34
1069,359,31,1,193.78
1070,359,3,3,146.05
1071,360,21,1,80.41
1072,360,13,1,144.86
1073,360,10,1,125.55
1074,360,23,3,186.17
1075,360,23,3,186.17
1076,361,33,3,112.23
1077,361,6,1,198.74
1078,361,9,1,78.17
1079,361,27,3,58.51
1080,361,25,2,171.09
1081,362,26,3,21.77
1082,362,27,3,58.51
1083,362,7,2,187.26
1084,362,21,3,80.41
1085,362,28,3,23.98
1086,363,10,3,125.55
1087,364,26,3,21.77
1088,364,19,1,186.44
1089,364,12,1,68.29
1090,364,12,1,68.29
1091,364,14,2,93.38
1092,365,32,3,155.84
1093,366,6,3,198.74
1094,366,29,2,198.63
1095,366,20,2,91.59
1096,366,23,1,186.17
1097,367,5,2,130.49
1098,367,15,3,30.31
1099,368,15,2,30.31
1100,368,12,3,68.29
1101,369,28,1,23.98
1102,369,11,3,126.82
1103,369,6,3,198.74
1104,369,30,3,189.26
1105,369,12,2,68.29
1106,370,20,2,91.59
1107,370,21,3,80.41
1108,371,10,3,125.55
1109,371,28,1,23.98
1110,371,4,1,35.9
1111,371,29,1,198.63
1112,371,3,1,146.05
1113,372,28,3,23.98
1114,372,10,3,125.55
1115,372,14,1,93.38
1116,372,32,3,155.84
1117,373,21,3,80.41
1118,373,19,2,186.44
1119,373,26,1,21.77
1120,373,4,2,35.9
1121,374,27,2,58.51
1122,374,17,3,20.82
1123,375,21,1,80.41
1124,375,35,2,94.06
1125,376,12,1,68.29
1126,376,16,3,160.21
1127,376,28,2,23.98
1128,376,26,2,21.77
1129,377,13,3,144.86
1130,377,10,1,125.55
1131,377,10,3,125.55
1132,378,3,3,146.05
1133,378,25,1,171.09
1134,379,24,1,117.07
1135,379,8,1,133.88
1136,379,12,1,68.29
1137,380,24,3,117.07
1138,381,16,3,160.21
1139,381,26,1,21.77
1140,381,24,1,117.07
1141,382,24,2,117.07
1142,382,34,2,193.2
1143,382,1,2,193.34
1144,382,19,1,186.44
1145,383,5,2,130.49
1146,383,3,3,146.05
1147,383,7,1,187.26
1148,383,20,2,91.59
1149,383,29,1,198.63
1150,384,11,2,126.82
1151,384,12,3,68.29
1152,384,27,3,58.51
1153,384,29,1,198.63
1154,384,12,1,68.29
1155,385,19,2,186.44
1156,385,13,2,144.86
1157,385,30,3,189.26
1158,386,10,3,125.55
1159,386,11,3,126.82
1160,386,33,3,112.23
1161,387,6,1,198.74
1162,387,7,1,187.26
1163,387,31,3,193.78
1164,387,25,2,171.09
1165,388,19,2,186.44
1166,388,31,3,193.78
1167,388,5,2,130.49
1168,388,3,3,146.05
1169,389,34,2,193.2
1170,389,17,2,20.82
1171,389,23,1,186.17
1172,389,31,2,193.78
1173,390,9,3,78.17
1174,390,1,1,193.34
1175,390,28,1,23.98
1176,390,17,2,20.82
1177,390,21,2,80.41
1178,391,3,1,146.05
1179,391,25,1,171.09
1180,391,24,1,117.07
1181,391,1,2,193.34
1182,391,18,1,16.87
1183,392,21,1,80.41
1184,392,17,3,20.82
1185,392,7,1,187.26
1186,392,4,1,35.9
1187,392,8,3,133.88
1188,393,11,3,126.82
1189,393,11,2,126.82
1190,394,23,1,186.17
1191,394,12,3,68.29
1192,395,13,3,144.86
1193,395,22,3,102.77
1194,395,7,2,187.26
1195,395,30,2,189.26
1196,395,4,1,35.9
1197,396,29,2,198.63
1198,396,21,1,80.41
1199,397,23,1,186.17
1200,397,34,1,193.2
1201,397,23,2,186.17
1202,397,30,2,189.26
1203,398,31,2,193.78
1204,398,15,1,30.31
1205,398,30,2,189.26
1206,399,21,1,80.41
1207,400,18,1,16.87
1208,400,12,3,68.29
1209,400,34,1,193.2
1210,401,12,1,68.29
1211,401,17,3,20.82
1212,401,3,3,146.05
1213,402,3,3,146.05
1214,402,9,3,78.17
1215,403,22,3,102.77
1216,404,27,1,58.51
1217,404,1,1,193.34
1218,404,33,3,112.23
1219,404,11,3,126.82
1220,404,34,3,193.2
1221,405,16,1,160.21
1222,406,18,1,16.87
1223,406,19,3,186.44
1224,406,11,3,126.82
1225,406,9,1,78.17
1226,407,19,3,186.44
1227,407,15,3,30.31
1228,407,32,1,155.84
1229,408,7,2,187.26
1230,408,17,2,20.82
1231,408,15,2,30.31
1232,408,34,3,193.2
1233,408,19,2,186.44
1234,409,27,3,58.51
1235,409,32,1,155.84
1236,409,4,2,35.9
1237,409,13,3,144.86
1238,409,7,2,187.26
1239,410,17,3,20.82
1240,410,12,3,68.29
1241,410,23,2,186.17
1242,410,9,3,78.17
1243,411,4,1,35.9
1244,411,3,1,146.05
1245,411,23,2,186.17
1246,411,4,3,35.9
1247,411,27,3,58.51
1248,412,17,3,20.82
1249,412,1,3,193.34
1250,412,28,3,23.98
1251,412,15,1,30.31
1252,413,14,3,93.38
1253,413,5,1,130.49
1254,414,28,1,23.98
1255,414,20,3,91.59
1256,414,28,1,23.98
1257,414,7,3,187.26
1258,415,1,3,193.34
1259,416,1,2,193.34
1260,416,12,3,68.29
1261,416,33,2,112.23
1262,417,35,1,94.06
1263,417,23,1,186.17
1264,417,11,3,126.82
1265,418,18,2,16.87
1266,419,18,2,16.87
1267,419,20,3,91.59
1268,419,5,1,130.49
1269,420,10,2,125.55
1270,420,17,2,20.82
1271,420,30,1,189.26
1272,421,8,1,133.88
1273,421,2,3,70.33
1274,421,7,1,187.26
1275,422,19,1,186.44
1276,422,3,3,146.05
1277,422,2,2,70.33
1278,422,25,2,171.09
1279,422,19,2,186.44
1280,423,31,3,193.78
1281,423,32,2,155.84
1282,424,12,1,68.29
1283,424,20,3,91.59
1284,425,28,2,23.98
1285,425,20,2,91.59
1286,425,15,1,30.31
1287,425,34,1,193.2
1288,426,13,3,144.86
1289,426,7,3,187.26
1290,426,25,2,171.09
1291,426,33,2,112.23
1292,426,5,3,130.49
1293,427,25,2,171.09
1294,427,22,3,102.77
1295,428,21,1,80.41
1296,428,16,3,160.21
1297,428,13,1,144.86
1298,428,34,2,193.2
1299,428,15,1,30.31
1300,429,29,3,198.63
1301,429,26,3,21.77
1302,430,13,3,144.86
1303,430,15,1,30.31
1304,430,13,1,144.86
1305,431,2,2,70.33
1306,431,19,1,186.44
1307,431,23,2,186.17
1308,431,8,1,133.88
1309,432,16,1,160.21
1310,432,14,2,93.38
1311,432,7,1,187.26
1312,433,34,3,193.2
1313,433,6,1,198.74
1314,433,18,3,16.87
1315,434,16,2,160.21
1316,434,24,2,117.07
1317,435,30,1,189.26
1318,436,3,3,146.05
1319,436,3,3,146.05
1320,437,10,3,125.55
1321,437,19,2,186.44
1322,437,24,1,117.07
1323,438,1,2,193.34
1324,438,32,1,155.84
1325,438,7,2,187.26
1326,438,3,2,146.05
1327,438,3,3,146.05
1328,439,21,1,80.41
1329,439,27,1,58.51
1330,440,9,2,78.17
1331,441,10,1,125.55
1332,441,23,2,186.17
1333,441,16,1,160.21
1334,441,18,1,16.87
1335,441,35,1,94.06
1336,442,34,2,193.2
1337,442,5,1,130.49
1338,442,4,2,35.9
1339,442,29,1,198.63
1340,443,15,1,30.31
1341,443,31,1,193.78
1342,443,6,3,198.74
1343,444,24,2,117.07
1344,444,1,1,193.34
1345,444,32,3,155.84
1346,444,2,2,70.33
1347,444,14,3,93.38
1348,445,24,1,117.07
1349,445,17,2,20.82
1350,445,16,3,160.21
1351,446,9,2,78.17
1352,446,30,1,189.26
1353,446,22,1,102.77
1354,446,18,2,16.87
1355,447,35,1,94.06
1356,447,5,1,130.49
1357,447,35,2,94.06
1358,448,5,3,130.49
1359,448,23,3,186.17
1360,448,11,1,126.82
1361,449,6,3,198.74
1362,449,31,1,193.78
1363,449,14,2,93.38
1364,449,21,2,80.41
1365,449,15,2,30.31
1366,450,30,3,189.26
1367,450,23,2,186.17
1368,450,2,1,70.33
1369,450,28,2,23.98
1370,451,2,1,70.33
1371,451,15,1,30.31
1372,451,27,3,58.51
1373,451,34,3,193.2
1374,452,32,2,155.84
1375,452,5,1,130.49
1376,452,3,1,146.05
1377,452,7,3,187.26
1378,453,4,1,35.9
1379,454,27,3,58.51
1380,454,15,2,30.31
1381,454,26,3,21.77
1382,454,8,3,133.88
1383,455,3,2,146.05
1384,455,29,3,198.63
1385,455,28,3,23.98
1386,456,34,1,193.2
1387,456,28,2,23.98
1388,456,15,3,30.31
1389,456,10,3,125.55
1390,457,34,3,193.2
1391,458,30,1,189.26
1392,458,22,2,102.77
1393,458,30,3,189.26
1394,458,33,2,112.23
1395,458,1,1,193.34
1396,459,13,1,144.86
1397,459,23,1,186.17
1398,459,21,3,80.41
1399,459,34,2,193.2
1400,460,35,3,94.06
1401,461,8,3,133.88
1402,462,29,3,198.63
1403,462,11,2,126.82
1404,462,32,3,155.84
1405,462,21,3,80.41
1406,462,1,3,193.34
1407,463,18,3,16.87
1408,463,4,1,35.9
1409,463,1,2,193.34
1410,463,10,2,125.55
1411,464,11,1,126.82
1412,464,23,2,186.17
1413,464,19,3,186.44
1414,464,16,3,160.21
1415,464,9,1,78.17
1416,465,24,2,117.07
1417,465,32,1,155.84
1418,466,23,2,186.17
1419,467,35,3,94.06
1420,468,13,2,144.86
1421,468,6,2,198.74
1422,469,31,1,193.78
1423,469,15,2,30.31
1424,469,2,3,70.33
1425,469,1,2,193.34
1426,469,27,1,58.51
1427,470,33,3,112.23
1428,470,33,1,112.23
1429,470,11,1,126.82
1430,470,3,2,146.05
1431,471,23,1,186.17
1432,471,28,3,23.98
1433,471,19,3,186.44
1434,471,16,1,160.21
1435,471,23,1,186.17
1436,472,1,3,193.34
1437,472,4,2,35.9
1438,472,5,3,130.49
1439,472,10,1,125.55
1440,473,32,1,155.84
1441,473,23,1,186.17
1442,473,3,3,146.05
1443,474,13,1,144.86
1444,474,20,3,91.59
1445,474,10,3,125.55
1446,475,12,3,68.29
1447,476,8,1,133.88
1448,476,2,3,70.33
1449,476,35,1,94.06
1450,476,25,2,171.09
1451,476,24,3,117.07
1452,477,1,3,193.34
1453,477,12,2,68.29
1454,477,28,3,23.98
1455,477,16,2,160.21
1456,477,4,3,35.9
1457,478,15,1,30.31
1458,478,1,1,193.34
1459,478,23,3,186.17
1460,478,33,2,112.23
1461,479,19,3,186.44
1462,479,31,3,193.78
1463,480,35,2,94.06
1464,481,11,2,126.82
1465,481,17,3,20.82
1466,481,12,3,68.29
1467,481,15,2,30.31
1468,481,3,3,146.05
1469,482,12,1,68.29
1470,483,1,3,193.34
1471,484,12,2,68.29
1472,484,32,1,155.84
1473,485,7,1,187.26
1474,485,9,2,78.17
1475,485,35,2,94.06
1476,485,26,1,21.77
1477,486,4,2,35.9
1478,486,11,1,126.82
1479,486,35,2,94.06
1480,486,24,1,117.07
1481,487,14,3,93.38
1482,487,14,1,93.38
1483,487,23,1,186.17
1484,488,28,1,23.98
1485,489,1,2,193.34
1486,489,12,1,68.29
1487,489,11,1,126.82
1488,489,14,3,93.38
1489,489,2,3,70.33
1490,490,9,2,78.17
1491,490,33,3,112.23
1492,490,7,3,187.26
1493,491,20,2,91.59
1494,491,9,3,78.17
1495,492,33,1,112.23
1496,492,9,1,78.17
1497,492,28,3,23.98
1498,492,14,2,93.38
1499,493,21,1,80.41
1500,494,15,2,30.31
1501,495,15,2,30.31
1502,495,6,1,198.74
1503,496,13,1,144.86
1504,497,15,1,30.31
1505,497,17,3,20.82
1506,497,30,2,189.26
1507,498,15,3,30.31
1508,499,31,3,193.78
1509,499,8,1,133.88
1510,500,7,1,187.26
